<?xml version="1.0" encoding="UTF-8"?><MD_Metadata xmlns:gts="http://www.isotc211.org/2005/gts" xmlns:gco="http://www.isotc211.org/2005/gco" xmlns:xalan="http://xml.apache.org/xalan" xmlns:srv="http://www.isotc211.org/2005/srv" xmlns:gmx="http://www.isotc211.org/2005/gmx" xmlns:xlink="http://www.w3.org/1999/xlink" xmlns:xsi="http://www.w3.org/2001/XMLSchema-instance" xmlns:gml="http://www.opengis.net/gml" xmlns="http://www.isotc211.org/2005/gmd">
    <language>
        <LanguageCode codeList="http://www.loc.gov/standards/iso639-2/php/code_list.php" codeListValue="eng" codeSpace="ISO639-2">eng</LanguageCode>
    </language>
    <characterSet>
        <MD_CharacterSetCode codeList="http://www.isotc211.org/2005/resources/Codelist/gmxCodelists.xml#MD_CharacterSetCode" codeListValue="utf8" codeSpace="ISOTC211/19115">utf8</MD_CharacterSetCode>
    </characterSet>
    <hierarchyLevel>
        <MD_ScopeCode codeList="http://www.isotc211.org/2005/resources/Codelist/gmxCodelists.xml#MD_ScopeCode" codeListValue="dataset" codeSpace="ISOTC211/19115">dataset</MD_ScopeCode>
    </hierarchyLevel>
    <hierarchyLevelName>
        <gco:CharacterString>dataset</gco:CharacterString>
    </hierarchyLevelName>
    <contact gco:nilReason="missing"/>
    <dateStamp>
        <gco:Date>2020-11-09</gco:Date>
    </dateStamp>
    <metadataStandardName>
        <gco:CharacterString>ISO 19139 Geographic Information - Metadata - Implementation Specification</gco:CharacterString>
    </metadataStandardName>
    <metadataStandardVersion>
        <gco:CharacterString>2007</gco:CharacterString>
    </metadataStandardVersion>
    <spatialRepresentationInfo>
        <MD_VectorSpatialRepresentation>
            <topologyLevel>
                <MD_TopologyLevelCode codeList="http://www.isotc211.org/2005/resources/Codelist/gmxCodelists.xml#MD_TopologyLevelCode" codeListValue="geometryOnly" codeSpace="ISOTC211/19115">geometryOnly</MD_TopologyLevelCode>
            </topologyLevel>
            <geometricObjects>
                <MD_GeometricObjects>
                    <geometricObjectType>
                        <MD_GeometricObjectTypeCode codeList="http://www.isotc211.org/2005/resources/Codelist/gmxCodelists.xml#MD_GeometricObjectTypeCode" codeListValue="composite" codeSpace="ISOTC211/19115">composite</MD_GeometricObjectTypeCode>
                    </geometricObjectType>
                </MD_GeometricObjects>
            </geometricObjects>
        </MD_VectorSpatialRepresentation>
    </spatialRepresentationInfo>
    <referenceSystemInfo>
        <MD_ReferenceSystem>
            <referenceSystemIdentifier>
                <RS_Identifier>
                    <code>
                        <gco:CharacterString>2249</gco:CharacterString>
                    </code>
                    <codeSpace>
                        <gco:CharacterString>EPSG</gco:CharacterString>
                    </codeSpace>
                    <version>
                        <gco:CharacterString>5.3(9.0.0)</gco:CharacterString>
                    </version>
                </RS_Identifier>
            </referenceSystemIdentifier>
        </MD_ReferenceSystem>
    </referenceSystemInfo>
    <identificationInfo>
        <MD_DataIdentification>
            <citation>
                <CI_Citation>
                    <title>
                        <gco:CharacterString>Boston Buildings</gco:CharacterString>
                    </title>
                    <date gco:nilReason="missing"/>
                    <presentationForm>
                        <CI_PresentationFormCode codeList="http://www.isotc211.org/2005/resources/Codelist/gmxCodelists.xml#CI_PresentationFormCode" codeListValue="mapDigital" codeSpace="ISOTC211/19115">mapDigital</CI_PresentationFormCode>
                    </presentationForm>
                </CI_Citation>
            </citation>
            <abstract>
                <gco:CharacterString>This dataset represents building roof outlines for all buildings in Boston. This dataset was created initially from a flyover in 2011 and is updated periodically based on the aerial imagery and LIDAR data. The layer is maintained by the BPDA GIS.</gco:CharacterString>
            </abstract>
            <purpose>
                <gco:CharacterString>Boston buildings. This dataset represents building roof outlines for all buildings in Boston. The layer is maintained by the BPDA GIS.</gco:CharacterString>
            </purpose>
            <descriptiveKeywords>
                <MD_Keywords>
                    <keyword>
                        <gco:CharacterString>buildings</gco:CharacterString>
                    </keyword>
                </MD_Keywords>
            </descriptiveKeywords>
            <resourceConstraints>
                <MD_Constraints>
                    <useLimitation>
                        <gco:CharacterString>This data layer is made available under the Public Domain Dedication and License v1.0 whose full text can be found at: http://opendatacommons.org/licenses/pddl/1.0/</gco:CharacterString>
                    </useLimitation>
                </MD_Constraints>
            </resourceConstraints>
            <spatialRepresentationType>
                <MD_SpatialRepresentationTypeCode codeList="http://www.isotc211.org/2005/resources/Codelist/gmxCodelists.xml#MD_SpatialRepresentationTypeCode" codeListValue="vector" codeSpace="ISOTC211/19115">vector</MD_SpatialRepresentationTypeCode>
            </spatialRepresentationType>
            <language>
                <LanguageCode codeList="http://www.loc.gov/standards/iso639-2/php/code_list.php" codeListValue="eng" codeSpace="ISO639-2">eng</LanguageCode>
            </language>
            <characterSet>
                <MD_CharacterSetCode codeList="http://www.isotc211.org/2005/resources/Codelist/gmxCodelists.xml#MD_CharacterSetCode" codeListValue="utf8" codeSpace="ISOTC211/19115">utf8</MD_CharacterSetCode>
            </characterSet>
            <environmentDescription>
                <gco:CharacterString>Esri ArcGIS 12.6.1.24783</gco:CharacterString>
            </environmentDescription>
            <extent>
                <EX_Extent>
                    <geographicElement>
                        <EX_GeographicBoundingBox>
                            <westBoundLongitude>
                                <gco:Decimal>-71.185983150193</gco:Decimal>
                            </westBoundLongitude>
                            <eastBoundLongitude>
                                <gco:Decimal>-70.9241700802014</gco:Decimal>
                            </eastBoundLongitude>
                            <southBoundLatitude>
                                <gco:Decimal>42.2276893364228</gco:Decimal>
                            </southBoundLatitude>
                            <northBoundLatitude>
                                <gco:Decimal>42.3979986634957</gco:Decimal>
                            </northBoundLatitude>
                        </EX_GeographicBoundingBox>
                    </geographicElement>
                    <verticalElement>
                        <EX_VerticalExtent>
                            <minimumValue>
                                <gco:Real>0</gco:Real>
                            </minimumValue>
                            <maximumValue>
                                <gco:Real>798.145376</gco:Real>
                            </maximumValue>
                            <verticalCRS gco:nilReason="other:see_referenceSystemInfo"/>
                        </EX_VerticalExtent>
                    </verticalElement>
                </EX_Extent>
            </extent>
            <extent>
                <EX_Extent>
                    <geographicElement>
                        <EX_GeographicBoundingBox>
                            <extentTypeCode>
                                <gco:Boolean>true</gco:Boolean>
                            </extentTypeCode>
                            <westBoundLongitude>
                                <gco:Decimal>-71.185983</gco:Decimal>
                            </westBoundLongitude>
                            <eastBoundLongitude>
                                <gco:Decimal>-70.924157</gco:Decimal>
                            </eastBoundLongitude>
                            <southBoundLatitude>
                                <gco:Decimal>42.227689</gco:Decimal>
                            </southBoundLatitude>
                            <northBoundLatitude>
                                <gco:Decimal>42.399406</gco:Decimal>
                            </northBoundLatitude>
                        </EX_GeographicBoundingBox>
                    </geographicElement>
                </EX_Extent>
            </extent>
        </MD_DataIdentification>
    </identificationInfo>
    <distributionInfo>
        <MD_Distribution>
            <distributionFormat>
                <MD_Format>
                    <name>
                        <gco:CharacterString>Enterprise Geodatabase Feature Class</gco:CharacterString>
                    </name>
                    <version gco:nilReason="missing"/>
                </MD_Format>
            </distributionFormat>
        </MD_Distribution>
    </distributionInfo>
</MD_Metadata>
